rank,cited_by_count,year,title,authors,source,doi,multi_objective,openalex_id
1,1589,2002,Quantum-inspired evolutionary algorithm for a class of combinatorial optimization,Kuk-Hyun Han; Jong-Hwan Kim,IEEE Transactions on Evolutionary Computation,https://doi.org/10.1109/tevc.2002.804320,False,https://openalex.org/W2122274805
2,648,1996,Quantum-inspired genetic algorithms,A. Narayanan; M. Moore,,https://doi.org/10.1109/icec.1996.542334,False,https://openalex.org/W1962752774
3,482,2004,"Quantum-Inspired Evolutionary Algorithms With a New Termination Criterion, $H_epsilon $ Gate, and Two-Phase Scheme",K.-H. Han; J.-H. Kim,IEEE Transactions on Evolutionary Computation,https://doi.org/10.1109/tevc.2004.823467,False,https://openalex.org/W2136885049
4,339,2020,A Novel Gate Resource Allocation Method Using Improved PSO-Based QEA,Wu Deng; Junjie Xu; Huimin Zhao; Yingjie Song,IEEE Transactions on Intelligent Transportation Systems,https://doi.org/10.1109/tits.2020.3025796,True,https://openalex.org/W3089856079
5,297,2010,Quantum-inspired evolutionary algorithms: a survey and empirical study,Gexiang Zhang,Journal of Heuristics,https://doi.org/10.1007/s10732-010-9136-0,False,https://openalex.org/W2058979950
6,208,2007,A Hybrid Quantum-Inspired Genetic Algorithm for Multiobjective Flow Shop Scheduling,Binbin Li; Ling Wang,IEEE Transactions on Systems Man and Cybernetics Part B (Cybernetics),https://doi.org/10.1109/tsmcb.2006.887946,True,https://openalex.org/W2104940705
7,205,2009,Cognitive radio spectrum allocation using evolutionary algorithms,Zhijin Zhao; Zhen Peng; Shilian Zheng; Junna Shang,IEEE Transactions on Wireless Communications,https://doi.org/10.1109/twc.2009.080939,False,https://openalex.org/W2170830259
8,194,2010,Quantum genetic algorithm for dynamic economic dispatch with valve-point effects and including wind power system,Jia-Chu Lee; Whei-Min Lin; Gwo-Ching Liao; Ta‐Peng Tsao,International Journal of Electrical Power & Energy Systems,https://doi.org/10.1016/j.ijepes.2010.08.014,False,https://openalex.org/W2152869312
9,191,2001,Parallel quantum-inspired genetic algorithm for combinatorial optimization problem,Kuk-Hyun Han; Kui-Hong Park; Ci-Ho Lee; Jong-Hwan Kim,,https://doi.org/10.1109/cec.2001.934358,False,https://openalex.org/W2116400650
10,175,2008,Quantum-Inspired Evolutionary Algorithm: A Multimodel EDA,Michael Defoin Platel; Stefan Schliebs; Nikola Kirilov Kasabov,IEEE Transactions on Evolutionary Computation,https://doi.org/10.1109/tevc.2008.2003010,False,https://openalex.org/W1999060539
